strategy,contracts,total_chunks,avg_chunks_per_contract,avg_chunk_tokens,median_chunk_tokens,p95_chunk_tokens,max_chunk_tokens,span_coverage,covered_spans,total_spans,split_spans,token_redundancy_ratio,partial_overlap_category_events,split,tokenizer
fixed_tok_256_overlap_32,408,20455,50.134803921568626,253.69401124419457,256.0,256.0,256,0.8694096601073346,9720,11180,1460,1.141057876906386,3588,train,bert-base-uncased
fixed_tok_384_overlap_48,408,13676,33.51960784313726,379.1072682070781,384.0,384.0,384,0.9333631484794276,10435,11180,745,1.1400376049379404,2322,train,bert-base-uncased
fixed_tok_384_overlap_64,408,14337,35.13970588235294,379.3864127781265,384.0,384.0,384,0.9483005366726297,10602,11180,578,1.1960188723927818,2404,train,bert-base-uncased
fixed_tok_512_overlap_64,408,10294,25.230392156862745,503.25539149018846,512.0,512.0,512,0.962432915921288,10760,11180,420,1.1391228783455412,1660,train,bert-base-uncased
paragraph_tok_256_overlap_32,408,22512,55.1764705882353,224.92892679459842,250.0,256.0,256,0.9723613595706619,10871,11180,309,1.1134157628061174,2017,train,bert-base-uncased
paragraph_tok_384_overlap_48,408,14727,36.095588235294116,341.5995111020574,382.0,384.0,384,0.9829159212880143,10989,11180,191,1.1061894227261624,1288,train,bert-base-uncased
paragraph_tok_384_overlap_64,408,14727,36.095588235294116,348.67189515855233,384.0,384.0,384,0.983989266547406,11001,11180,179,1.1290916698971614,1320,train,bert-base-uncased
paragraph_tok_448_overlap_64,408,12610,30.90686274509804,401.0649484536082,448.0,448.0,448,0.9881037567084079,11047,11180,133,1.1120588450653248,1082,train,bert-base-uncased
paragraph_tok_480_overlap_64,408,11763,28.830882352941178,427.51304939216186,480.0,480.0,480,0.9891771019677996,11059,11180,121,1.10577163894598,991,train,bert-base-uncased
paragraph_tok_512_overlap_64,408,11030,27.034313725490197,453.2625566636446,512.0,512.0,512,0.9904293381037567,11073,11180,107,1.0993179789731622,907,train,bert-base-uncased
fixed_tok_256_overlap_32,102,4415,43.28431372549019,253.53680634201586,256.0,256.0,256,0.8649262202043133,2286,2643,357,1.1406390590911082,828,test,bert-base-uncased
fixed_tok_384_overlap_48,102,2956,28.980392156862745,378.32916102841676,384.0,384.0,384,0.9368142262580401,2476,2643,167,1.1395955974887628,520,test,bert-base-uncased
fixed_tok_384_overlap_64,102,3100,30.392156862745097,378.4583870967742,384.0,384.0,384,0.9534619750283768,2520,2643,123,1.1955186177394586,506,test,bert-base-uncased
fixed_tok_512_overlap_64,102,2227,21.833333333333332,501.7283340817243,512.0,512.0,512,0.9572455542943624,2530,2643,113,1.138584744061491,365,test,bert-base-uncased
paragraph_tok_256_overlap_32,102,4866,47.705882352941174,224.7266748869708,250.0,256.0,256,0.9742716609912978,2575,2643,68,1.1143028626920697,462,test,bert-base-uncased
paragraph_tok_384_overlap_48,102,3246,31.823529411764707,335.2674060382009,381.0,384.0,384,0.9882709042754446,2612,2643,31,1.1089612360128762,272,test,bert-base-uncased
paragraph_tok_384_overlap_64,102,3246,31.823529411764707,342.4177449168207,384.0,384.0,384,0.9886492622020431,2613,2643,30,1.1326123529957233,272,test,bert-base-uncased
paragraph_tok_448_overlap_64,102,2766,27.11764705882353,396.206435285611,448.0,448.0,448,0.9897843359818388,2616,2643,27,1.1167352287514432,206,test,bert-base-uncased
paragraph_tok_480_overlap_64,102,2562,25.11764705882353,424.9574551131928,480.0,480.0,480,0.9935679152478244,2626,2643,17,1.1094330355459678,215,test,bert-base-uncased
paragraph_tok_512_overlap_64,102,2407,23.598039215686274,450.40340673036974,509.0,512.0,512,0.9920544835414302,2622,2643,21,1.1047252302697612,196,test,bert-base-uncased